School,2022,2019,Change,Town,Population,Is Rural
Eura Brown Elementary School,100,99,,Gadsden,33769,
Forest Avenue Elementary School,100,98,,Fort Payne,14834,
Crestline Elementary School,100,100,,Mountain Brook,22158,
Liberty Park Elementary,100,99,,Vestavia Hills,38801,
Heritage Elementary School,99,99,,Madison,58357,
Loveless Academic Magnet Program High School,99,100,,Montgomery,198665,
Brookwood Forest Elementary School,99,100,,Birmingham,197575,
Mountain Brook Elementary School,99,99,,Mountain Brook,22158,
Mt Laurel Elementary School,99,99,,Birmingham,197575,
East Elementary,99,100,,Cullman,18635,
Dean Road Elementary School,98,98,,Auburn,78564,
Wrights Mill Road Elementary School,98,98,,Auburn,78564,
Kilby Laboratory School,98,,,Florence,39933,
Edgewood Elementary School,98,96,,Birmingham,197575,
Deer Valley Elementary School,98,99,,Birmingham,197575,
Greystone Elementary School,98,99,,Birmingham,197575,
Mill Creek Elementary School,98,99,,Madison,58357,
Eichold-Mertz School of Math and Science,98,100,,Mobile,184952,
Cherokee Bend Elementary School,98,100,,Birmingham,197575,
Oak Mountain Elementary School,98,94,,Birmingham,197575,
Cahaba Elementary School,98,99,,Trussville,26388,
Tuscaloosa Magnet School - Elementary,98,100,,Tuscaloosa,100618,
Pizitz Middle School,98,98,,Vestavia Hills,38801,
West Elementary,98,99,,Cullman,18635,
Arab Elementary School,97,94,,Arab,8498,
Arab Primary School,97,94,,Arab,8498,
Pick Elementary School,97,94,,Auburn,78564,
Barkley Bridge Elementary School,97,98,,Hartselle,15549,
Bluff Park Elementary School,97,97,,Hoover,92589,
Brock's Gap Intermediate School,97,97,,Hoover,92589,
Jefferson County International Baccalaureate School,97,100,,Birmingham,197575,
Horizon Elementary School,97,97,,Madison,58357,
Mountain Brook High School,97,98,,Mountain Brook,22158,
Mountain Brook Junior High School,97,98,,Birmingham,197575,
Saraland Early Education Center,97,96,,Saraland,16319,
Saraland Elementary School,97,96,,Saraland,16319,
Magnolia Elementary School,97,96,,Trussville,26388,
Paine Elementary School,97,93,,Trussville,26388,
Vestavia Hills Elementary Dolly Ridge,97,,,Vestavia Hills,38801,
Cary Woods Elementary School,96,94,,Auburn,78564,
Riverchase Elementary School,96,95,,Hoover,92589,
South Shades Crest Elementary School,96,97,,Hoover,92589,
Monte Sano Elementary School,96,99,,Huntsville,216963,
Madison Elementary School,96,96,,Madison,58357,
Old Shell Road Magnet School,96,100,,Mobile,184952,
Inverness Elementary School,96,88,,Birmingham,197575,
Oak Mountain Intermediate School,96,96,,Birmingham,197575,
Vestavia Hills High School Freshman Campus,96,,,Vestavia Hills,38801,
Meadow View  Elementary School,95,86,,Alabaster,33676,
Auburn Early Education Center,95,96,,Auburn,78564,
Creekside Elementary School,95,95,,Harvest,,
Ogletree Elementary School,95,97,,Auburn,78564,
Richland Elementary School,95,95,,Auburn,78564,
Fairhope East Elementary,95,92,,Fairhope,23147,
Leon Sheffield Magnet Elementary School,95,96,,Decatur,57804,
"Carver School of Mathematics, Science, and Technology",95,99,,Dothan,71175,
Shades Mountain Elementary School,95,92,,Hoover,92589,
Goldsmith-Schiffman Elementary,95,89,,Owens Cross Roads,2635,
New Century Technology High School,95,98,,Huntsville,216963,
Columbia Elementary School,95,98,,Madison,58357,
Riverton Elementary School,95,98,,Huntsville,216963,
W H Council Traditional School,95,100,,Mobile,184952,
Rock Quarry Elementary School,95,100,,Tuscaloosa,100618,
Liberty Park Middle School,95,99,,Vestavia Hills,38801,
Vestavia Hills Elementary Cahaba Heights,95,96,,Vestavia Hills,38801,
Vestavia Hills High School,95,97,,Vestavia Hills,38801,
Margaret Yarbrough Elementary School,94,96,,Auburn,78564,
Fairhope West Elementary,94,99,,Fairhope,23147,
Rockwell Elementary School,94,96,,Spanish Fort,10392,
Spanish Fort Elementary School,94,96,,Spanish Fort,10392,
East Elementary School,94,92,,Cullman,18635,
Benjamin Davis Elementary School,94,95,,Decatur,57804,
Holly Hill Elementary School,94,94,,Enterprise,29395,
Shades Cahaba Elementary School,94,97,,Homewood,26054,
Wicksburg Elementary School,94,,,Newton,1607,
Hampton Cove Elementary,94,99,,Owens Cross Roads,2635,
Memorial Park Elementary School,94,91,,Jasper,14354,
Vernon Elementary School,94,89,,Vernon,1874,
MidTown Elementary School,94,98,,Madison,58357,
Rainbow Elementary School,94,98,,Madison,58357,
Monrovia Elementary School,94,93,,Huntsville,216963,
Mt Carmel Elementary School,94,96,,Huntsville,216963,
Barton Academy For Advanced World Studies,94,,,Mobile,184952,
Dauphin Island Elementary School,94,88,,Dauphin Island,1814,
Bear Exploration Center,94,96,,Montgomery,198665,
Brewbaker Technology Magnet High School,94,96,,Montgomery,198665,
Opp Elementary School,94,91,,Opp,6653,
Tuscaloosa Magnet School - Middle,94,98,,Tuscaloosa,100618,
Ariton School,93,95,,Ariton,655,
George W Long High School,93,95,,Skipperville,,
John S Jones Elementary School,93,96,,Rainbow City,10154,
Hall Kent Elementary School,93,94,,Birmingham,197575,
Homewood High School,93,93,,Homewood,26054,
Robert F Bumpus Middle School,93,97,,Hoover,92589,
Rocky Ridge Elementary School,93,92,,Birmingham,197575,
Skyline High School,93,95,,Scottsboro,15640,
Dawes Intermediate School,93,97,,Mobile,184952,
Phillips Preparatory Middle School,93,97,,Mobile,184952,
Lakewood Primary School,93,97,,Phenix City,38428,
Fayetteville High School,93,92,,Sylacauga,12373,
Hewitt-Trussville High School,93,95,,Trussville,26388,
Huntington Place Elementary School,93,90,,Northport,31009,
Creek View Elementary School,92,90,,Maylene,,
Athens Renaissance School,92,80,,Athens,27027,
Belforest Elementary School,92,,,Daphne,28777,
Daphne East Elementary School,92,96,,Daphne,28777,
Pleasant Valley Elementary School,92,95,,Jacksonville,13057,
Cleburne County Elementary School,92,96,,Heflin,3400,
Cullman Middle School,92,97,,Cullman,18635,
Newton Elementary School,92,92,,Newton,1607,
Eastwood Elementary School,92,92,,Decatur,57804,
Walter Jackson Elementary School,92,92,,Decatur,57804,
Brookwood Elementary School,92,90,,Brookwood,2473,
Forest Hills School,92,96,,Florence,39933,
Green Valley Elementary School,92,88,,Hoover,92589,
Gwin Elementary School,92,88,,Hoover,92589,
Trace Crossings Elementary School,92,92,,Birmingham,197575,
Rehobeth Elementary School,92,96,,Dothan,71175,
T R Simmons Elementary School,92,90,,Jasper,14354,
Discovery Middle School,92,96,,Madison,58357,
Legacy Elementary School,92,88,,Madison,58357,
Moores Mill Intermediate School,92,94,,New Market,,
Guin Elementary School,92,99,,Guin,2172,
Hutchens Elementary School,92,97,,Mobile,184952,
Baldwin Art And Academics Magnet,92,98,,Montgomery,198665,
MacMillan International at McKee,92,96,,Montgomery,198665,
Priceville Elementary School,92,93,,Decatur,57804,
Highland Park Elementary School,92,90,,Muscle Shoals,16618,
Howell Graves Preschool,92,89,,Muscle Shoals,16618,
McBride Elementary School,92,89,,Muscle Shoals,16618,
Webster Elementary School,92,89,,Muscle Shoals,16618,
Coosa Valley Elementary School,92,92,,Cropwell,,
Lakewood Elementary School,92,97,,Phenix City,38428,
Piedmont Elementary School,92,91,,Piedmont,4810,
Chelsea Park Elementary School,92,89,,Chelsea,15653,
Forest Oaks Elementary School ,92,87,,Chelsea,15653,
Helena Intermediate School,92,87,,Helena,21560,
Verner Elementary School,92,97,,Tuscaloosa,100618,
Northport Elementary School,92,90,,Northport,31009,
Winfield Elementary School,92,95,,Winfield,4829,
Kinston School,91,92,,Kinston,587,
Pleasant Home School,91,86,,Andalusia,8715,
Cullman City Primary School,91,92,,Cullman,18635,
West Elementary School,91,92,,Cullman,18635,
Gulf Shores Elementary School,91,,,Gulf Shores,15736,
Cherokee Elementary School,91,94,,Guntersville,8713,
FE Burleson Elementary School,91,88,,Hartselle,15549,
Berry Middle School,91,95,,Birmingham,197575,
Ira F Simmons Middle School,91,91,,Hoover,92589,
Spain Park High School,91,94,,Birmingham,197575,
Wicksburg High School,91,93,,Newton,1607,
Bryan Elementary School,91,88,,Morris,2254,
Creekside Elementary School,91,91,,Harvest,,
Creekside Primary School,91,91,,Harvest,,
Liberty Middle School,91,94,,Madison,58357,
Hazel Green Elementary School,91,86,,Hazel Green,,
Lynn Fanning Elementary School,91,91,,Meridianville,,
Booker T Washington Magnet High School,91,97,,Montgomery,198665,
Coldwater Elementary School,91,93,,Anniston,21157,
Piedmont Middle School,91,86,,Piedmont,4810,
Helena Elementary School,91,87,,Helena,21560,
Winfield High School,91,84,,Winfield,4829,
Andalusia Elementary School,90,85,,Andalusia,8715,
Brookhill Elementary School,90,78,,Athens,27027,
Elberta Elementary School,90,93,,Elberta,2015,
Fairhope Middle School,90,97,,Fairhope,23147,
Phillips Academy,90,95,,Birmingham,197575,
Ramsay High School,90,91,,Birmingham,197575,
Locust Fork Elementary,90,88,,Locust Fork,1198,
McKenzie High School,90,86,,McKenzie,503,
White Plains Elementary School,90,91,,Anniston,21157,
Straughn Middle School,90,91,,Andalusia,8715,
Plainview School,90,85,,Rainsville,5604,
Holtville Elementary School,90,92,,Deatsville,1730,
Redland Elementary School,90,84,,Wetumpka,7190,
Slocomb Elementary School,90,91,,Slocomb,2094,
Gulf Shores High School,90,,,Gulf Shores,15736,
Guntersville Elementary School,90,93,,Guntersville,8713,
Hoover High School,90,92,,Hoover,92589,
Hampton Cove Middle School,90,90,,Owens Cross Roads,2635,
Weatherly Heights Elementary School,90,91,,Huntsville,216963,
North Sand Mountain School,90,90,,Bryant,,
Bob Jones High School,90,95,,Madison,58357,
James Clemens High School,90,94,,Madison,58357,
Central School,90,93,,,,
Endeavor Elementary School,90,87,,Harvest,,
New Hope Elementary School,90,91,,New Hope,2891,
Riverton Intermediate School,90,88,,Huntsville,216963,
Denton Magnet School of Technology,90,85,,Mobile,184952,
Falkville Elementary School,90,88,,Falkville,1147,
Piedmont High School,90,92,,Piedmont,4810,
Saraland Middle School/Adams Campus,90,93,,Saraland,16319,
Robert E. Lee Elementary,90,87,,Satsuma,6785,
Oak Mountain High School,90,94,,Birmingham,197575,
Wilsonville Elementary School,90,96,,Wilsonville,1873,
Moody Elementary School,90,93,,Moody,13563,
Springville Elementary School,90,97,,Springville,4935,
Walker Elementary School,90,93,,Northport,31009,
Cordova Elementary School,90,92,,Cordova,1681,
Julian Newman Elementary School,89,82,,Athens,27027,
Auburn Junior High School,89,94,,Auburn,78564,
Daniel Pratt Elementary School,89,93,,Prattville,38286,
Orange Beach Elementary School,89,99,,Orange Beach,8347,
W J Carroll Intermediate School,89,86,,Daphne,28777,
Christian School,89,91,,,,
Fruithurst Elementary School,89,83,,Fruithurst,239,
Straughn Elementary School,89,90,,Andalusia,8715,
GW Long Elementary School,89,91,,Skipperville,,
Eclectic Elementary School,89,92,,Eclectic,1224,
Hillcrest Elementary School,89,91,,Enterprise,29395,
Rucker Boulevard Elementary School,89,87,,Enterprise,29395,
Mitchell Elementary School,89,89,,Gadsden,33769,
Mulkey Elementary School,89,91,,Geneva,4185,
Geneva County Elementary School,89,91,,Hartford,2651,
Crestline Elementary School,89,93,,Hartselle,15549,
Homewood Middle School,89,96,,Homewood,26054,
Ashford Elementary School,89,84,,Ashford,2247,
Webb Elementary School,89,93,,Webb,1283,
Mountain Gap Middle School,89,87,,Huntsville,216963,
Bridgeport Elementary School,89,86,,Bridgeport,2257,
Pisgah High School,89,89,,Pisgah,682,
Maddox Intermediate School,89,89,,Jasper,14354,
Mount Olive Elementary School,89,90,,Mt Olive,,
Brooks Elementary School,89,89,,Killen,1040,
Lexington School,89,90,,Lexington,737,
South Smiths Station Elementary School,89,83,,Smiths Station,5381,
Clark-Shaw Magnet School,89,99,,Mobile,184952,
Muscle Shoals Middle School,89,93,,Muscle Shoals,16618,
Oneonta Elementary School,89,90,,Oneonta,6805,
Pike Road Intermediate School,89,83,,Pike Road,9978,
Saraland High School,89,89,,Saraland,16319,
Chelsea Middle School,89,92,,Chelsea,15653,
Oak Mountain Middle School,89,92,,Birmingham,197575,
Shelby Elementary School,89,87,,Shelby,,
Thompson Intermediate School,88,87,,Alabaster,33676,
Arab Junior High School,88,93,,Arab,8498,
Baldwin County Elementary Virtual School,88,,,Daphne,28777,
Elberta Middle School,88,,,Elberta,2015,
J Larry Newton School,88,89,,Fairhope,23147,
Stapleton School,88,91,,Stapleton,,
Woodstock Elementary School,88,80,,Woodstock,1582,
Hayden Elementary School,88,90,,Hayden,1332,
Hayden Primary School,88,89,,Hayden,1332,
Brewton Middle School,88,90,,Brewton,5261,
Alexandria Elementary School,88,90,,Alexandria,,
Ohatchee Elementary School,88,91,,Ohatchee,1191,
Ohatchee High School,88,81,,Ohatchee,1191,
New Bethel Elementary School,88,86,,Tuscumbia,9068,
West Point Elementary School,88,92,,Good Hope,2548,
West Point Middle School,88,83,,Cullman,18635,
Highlands Elementary School,88,94,,Dothan,71175,
Glencoe Elementary School,88,83,,Gadsden,33769,
Geneva County High School,88,86,,Hartford,2651,
Slocomb Middle School,88,90,,Slocomb,2094,
Hartselle High School,88,94,,Hartselle,15549,
Hartselle Intermediate School,88,92,,Hartselle,15549,
Hartselle Junior High School,88,92,,Hartselle,15549,
Farley Elementary School,88,89,,Huntsville,216963,
Jones Valley Elementary School,88,88,,Huntsville,216963,
Mountain Gap Elementary School,88,,,Huntsville,216963,
Dutton Elementary School,88,89,,Dutton,333,
Kitty Stone Elementary School,88,92,,Jacksonville,13057,
Oak Grove High School,88,84,,Bessemer,25615,
South Lamar School,88,92,,Millport,982,
Sulligent School,88,88,,Sulligent,1838,
East Limestone High School,88,88,,Athens,27027,
Monrovia Middle School,88,86,,Huntsville,216963,
New Market School,88,84,,New Market,,
Hamilton Elementary School,88,92,,Hamilton,6991,
Mary B Austin Elementary School,88,80,,Mobile,184952,
Danville-Neel Elementary School,88,89,,Danville,,
Priceville Junior High School,88,90,,Decatur,57804,
Oneonta Middle School,88,89,,Oneonta,6805,
CE Hanna School,88,82,,Oxford,22312,
Horseshoe Bend High School,88,86,,New Site,772,
Hewitt-Trussville Middle School,88,93,,Trussville,26388,
Athens Intermediate School,87,79,,Athens,27027,
Auburn High School,87,93,,Auburn,78564,
Pine Level Elementary School,87,91,,Deatsville,1730,
Baldwin County Virtual School,87,90,,Daphne,28777,
Spanish Fort High School,87,88,,Spanish Fort,10392,
Boaz Intermediate School,87,83,,Boaz,9055,
Grove Hill Elementary School,87,84,,Grove Hill,1757,
Ranburne Elementary School,87,88,,Ranburne,420,
Ranburne High School,87,85,,Ranburne,420,
Zion Chapel High School,87,90,,Jack,,
Cold Springs Elementary School,87,86,,Bremen,,
West Point Intermediate School,87,90,,Vinemont,,
Frances Nungester Elementary School,87,88,,Decatur,57804,
Airport Road Intermediate School,87,88,,Coosada,1257,
Holtville Middle School,87,89,,Deatsville,1730,
Gaston Elementary School,87,,,Gadsden,33769,
Little Ridge Intermediate School,87,,,Fort Payne,14834,
Wills Valley Elementary School,87,82,,Fort Payne,14834,
Red Bay High School,87,87,,Red Bay,3184,
Headland Elementary School,87,85,,Headland,5145,
Cottonwood Elementary School,87,,,Cottonwood,1046,
Huntsville High School,87,89,,Huntsville,216963,
Mount Hope,87,73,,Mt Hope,,
East Smiths Station Elementary School,87,84,,Smiths Station,5381,
Madison County Virtual Academy,87,,,Huntsville,216963,
Owens Cross Roads School,87,87,,Owens Cross Roads,2635,
Cora Castlen Elementary,87,90,,Grand Bay,,
Semmes Elementary School,87,89,,Semmes,5209,
Blount Elementary School,87,87,,Montgomery,198665,
Oxford Elementary School,87,93,,Oxford,22312,
Pelham Oaks,87,91,,Pelham,24688,
Walter M Kennedy School,87,88,,Pell City,13248,
Pike Road Jr High School,87,,,,,
Russellville Elementary School,87,82,,Russellville,10789,
West Elementary School,86,82,,Russellville,10789,
Thurston T Nelson Elementary School,87,92,,Scottsboro,15640,
Ashville Elementary School,87,93,,Ashville,2347,
Margaret Elementary,87,85,,Odenville,4999,
Springville Middle School,87,93,,Springville,4935,
Millry High School,87,86,,Millry,443,
Washington County High School,87,85,,Chatom,1039,
Arab High School,86,91,,Arab,8498,
Orange Beach Middle/High School,86,,,Orange Beach,8347,
Spanish Fort Middle School,86,91,,Spanish Fort,10392,
Cleveland High School,86,84,,Cleveland,1243,
Hayden High School,86,89,,Hayden,1332,
Hayden Middle School,86,86,,Hayden,1332,
Locust Fork High School,86,83,,Locust Fork,1198,
Southeastern School,86,86,,Remlap,,
Weaver Elementary School,86,82,,Weaver,3401,
Cedar Bluff High School,86,86,,Cedar Bluff,1864,
Centre Elementary School,86,76,,Centre,3528,
Lineville Elementary School,86,82,,Lineville,2474,
Cullman High School,86,93,,Cullman,18635,
Julian Harris Elementary School,86,85,,Decatur,57804,
Fyffe High School,86,82,,Fyffe,963,
Westside Elementary School,86,77,,Demopolis,7009,
Coosada Elementary School,86,87,,Millbrook,17217,
Elmore County High School,86,82,,Eclectic,1224,
Southside Elementary School,86,88,,Southside,9465,
Gulf Shores Middle School,86,,,Gulf Shores,15736,
Haleyville Middle School,86,77,,Haleyville,4351,
Rehobeth High School,86,81,,Dothan,71175,
Academy For Science & Foreign Language,86,83,,Huntsville,216963,
Challenger Elementary School,86,81,,Huntsville,216963,
Jacksonville High School,86,84,,Jacksonville,13057,
Bagley Elementary School,86,89,,Dora,2290,
Warrior Elementary School,86,87,,Warrior,3204,
Underwood Elementary School,86,84,,Florence,39933,
Sugar Creek Elementary School,86,82,,Lester,112,
Harvest School,86,87,,Harvest,,
Madison County High School,86,85,,Gurley,825,
Madison Cross Roads Elementary School,86,89,,Toney,,
Walnut Grove School,86,88,,New Market,,
Anna F Booth Elementary School,86,94,,Irvington,,
Tanner Williams Elementary School,86,87,,Wilmer,,
Floyd Middle School,86,98,,Montgomery,198665,
Northside School,86,91,,Northport,31009,
Southview Primary School,86,91,,Opelika,31538,
De Armanville Elementary School,86,90,,Anniston,21157,
Sherwood Elementary School,86,95,,Phenix City,38428,
Pike Road High School,86,79,,Pike Rd,,
Knight Enloe Elementary School,86,87,,Roanoke,5279,
Dixie Elementary School,86,89,,Opelika,31538,
Mount Olive Intermediate School,86,77,,Fort Mitchell,,
Satsuma High School,86,88,,Satsuma,6785,
Caldwell Elementary School,86,93,,Scottsboro,15640,
Collins Intermediate School,86,89,,Scottsboro,15640,
Chelsea High School,86,88,,Chelsea,15653,
Helena High School,86,87,,Helena,21560,
Helena Middle,86,92,,Helena,21560,
Odenville Intermediate School,86,87,,Odenville,4999,
Sycamore School,86,80,,Alpine,,
Northridge Middle School,86,90,,Tuscaloosa,100618,
Lake View Elementary School,86,87,,McCalla,,
Myrtlewood Elementary School,86,89,,Fosters,,
Northport Intermediate School,86,,,Northport,31009,
R E Thompson Intermediate School,86,82,,Tuscumbia,9068,
Fruitdale High School,86,84,,Fruitdale,,
Addison Elementary School,86,84,,Addison,668,
Lynn Elementary School,86,81,,Lynn,617,
Athens Elementary School,85,83,,Athens,27027,
East Samford School,85,92,,Auburn,78564,
Delta Elementary School,85,84,,Bay Minette,7894,
Perdido Elementary School,85,88,,Perdido,,
West Blocton Elementary School,85,83,,West Blocton,1226,
EPIC Alternative Elementary School,85,88,,Birmingham,197575,
Oliver K5 School,85,74,,,,
Appalachian  School,85,84,,Oneonta,6805,
Blountsville Elementary School,85,85,,Blountsville,1827,
Boaz Middle School,85,75,,Boaz,10161,
Alexandria High School,85,78,,Alexandria,,
Spring Garden High School,85,82,,Piedmont,4810,
Clanton Elementary School,85,89,,Clanton,8762,
Cleburne County High School,85,81,,Heflin,3400,
Colbert Heights High School,85,86,,Tuscumbia,9068,
Brantley High School,85,87,,Brantley,807,
Cold Springs High School,85,91,,Bremen,,
Fairview Elementary School,85,89,,Cullman,18635,
Fairview High School,85,91,,Cullman,18635,
Fairview Middle School,85,88,,Cullman,18635,
Good Hope Middle School,85,88,,Cullman,18635,
Holly Pond Elementary School,85,93,,Holly Pond,857,
Vinemont Elementary School,85,85,,Vinemont,,
Midland City Elementary School,85,90,,Midland City,2264,
US Jones Elementary School,85,77,,Demopolis,7009,
Wetumpka Elementary School,85,87,,Wetumpka,7190,
Dauphin Junior High School,85,90,,Enterprise,29395,
Flomaton Elementary School,85,90,,Flomaton,1452,
Ivalee Elementary School,85,85,,Attalla,5839,
Whitesboro Elementary School,85,93,,Boaz,10161,
Geneva County Middle School,85,85,,,,
Haleyville High School,85,81,,Haleyville,4351,
Headland Middle School,85,81,,Headland,5145,
Houston County High School,85,86,,Columbia,690,
Rehobeth Middle School,85,91,,Rehobeth,1821,
Whitesburg Elementary School,85,,,Huntsville,216963,
Rosalie Elementary School,85,83,,Pisgah,682,
Gardendale Elementary School,85,87,,Gardendale,16444,
McAdory Elementary School,85,80,,McCalla,,
Snow Rogers Elementary School,85,89,,Gardendale,16444,
Lauderdale County High School,85,87,,Rogersville,1336,
Rogers High School,85,92,,Florence,39933,
Wilson High School,85,81,,Florence,39933,
Moulton Elementary School,85,87,,Moulton,3358,
Beulah Elementary School,85,74,,Valley,10513,
Buckhorn Middle School,85,87,,New Market,,
Sweet Water High School,85,91,,Sweet Water,225,
Hamilton Middle School,85,85,,Hamilton,6991,
Kate D Smith DAR High School,85,90,,Grant,1040,
Allentown Elementary School,85,82,,Semmes,5209,
Elsie Collier Elementary School,85,91,,Mobile,184952,
Excel High School,85,81,,Excel,550,
Eva School,85,86,,Eva,589,
Union Hill School,85,89,,Somerville,799,
Oneonta High School,85,88,,Oneonta,6805,
Banks School,85,81,,,,
Mt Olive Primary School,85,77,,Fort Mitchell,,
Odenville Elementary School,85,86,,Odenville,4999,
Steele Junior High School,85,93,,Steele,1000,
AH Watwood Elementary School,85,83,,Childersburg,4689,
Lincoln Elementary School,85,79,,Lincoln,7082,
Reeltown High School,85,88,,Notasulga,916,
Thomasville Elementary School,85,74,,Thomasville,3548,
Big Sandy Elementary,85,91,,Tuscaloosa,100618,
G W Trenholm Primary School,85,82,,Tuscumbia,9068,
University Charter School,85,78,,Livingston,3153,
Chatom Elementary School,85,91,,Chatom,1039,
Nathaniel H Stephens Elementary School,84,76,,Alexander City,14618,
Drake Middle School,84,91,,Auburn,78564,
Rosinton School,84,88,,Robertsdale,6916,
Silverhill School,84,90,,Silverhill,1035,
Cleveland Elementary School,84,85,,Cleveland,1243,
Susan Moore Elementary School,84,86,,Blountsville,1827,
Brewton Elementary School,84,93,,,,
Pleasant Valley High School,84,86,,Jacksonville,13057,
Sand Rock High School,84,83,,Leesburg,915,
Conecuh County Junior High School,84,70,,Castleberry,480,
Straughn High School,84,87,,Andalusia,8715,
Highland Home School,84,84,,Highland Home,,
Holtville High School,84,83,,Deatsville,1730,
Wetumpka High School,84,88,,1251 Coosa River Pkwy,,
Harrand Creek Elementary School,84,90,,Enterprise,29395,
Hokes Bluff Elementary School,84,79,,Hokes Bluff,4435,
Academy for Academics and Arts Middle School,84,,,Huntsville,216963,
Challenger Middle School,84,91,,Huntsville,216963,
Hollywood Elementary School,84,81,,Hollywood,918,
Central High School,84,86,,,,
Hatton Elementary School,84,87,,,,
West Smiths Station Elementary School,84,86,,Smiths Station,5381,
Ardmore High School,84,85,,Ardmore,1370,
Blue Springs Elementary School,84,88,,Athens,27027,
Johnson Elementary School,84,83,,,,
Buckhorn High School,84,85,,New Market,,
Madison County Elementary School,84,83,,Gurley,825,
Douglas Elementary School,84,76,,Horton,,
J E Turner Elementary,84,89,,Wilmer,,
Pearl Haskew Elementary,84,88,,Irvington,,
Oxford Middle School,84,85,,Oxford,22312,
Pelham Park Middle School,84,84,,Pelham,24688,
Pelham Ridge,84,86,,Pelham,24688,
Gordo Elementary School,84,85,,Gordo,1612,
Gordo High School,84,81,,Gordo,1612,
Rock Mills Junior High School,84,83,,Roanoke,5279,
Ladonia Elementary School,84,91,,Phenix City,38428,
Montevallo Elementary School,84,86,,Montevallo,7255,
Vincent Elementary School,84,90,,Vincent,1997,
Reeltown Elementary School,84,88,,Notasulga,916,
Tallassee Elementary School,84,84,,Tallassee,4808,
Northridge High School,84,89,,Tuscaloosa,100618,
Faucett-Vestavia Elementary School,84,94,,Northport,31009,
Bankhead Middle School,84,86,,Cordova,1681,
Valley Junior High School,84,85,,Jasper,14354,
Double Springs Elementary School,84,75,,Double Springs,1076,
Jim Pearson Elementary School,83,76,,Alexander City,14618,
William L Radney Elementary School,83,83,,Alexander City,14618,
Prattville Intermediate School,83,83,,Prattville,38286,
Prattville Junior High School,83,92,,Prattville,38286,
Bay Minette Elementary School,83,79,,Bay Minette,7894,
Daphne High School,83,90,,Daphne,28777,
Fairhope High School,83,91,,Fairhope,23147,
Corley Elementary School,83,89,,Boaz,10161,
Saks High School,83,81,,Anniston,21157,
Centre Middle School,83,80,,Centre,3528,
Isabella High School,83,82,,Maplesville,641,
Pleasant Grove Elementary School,83,75,,Pleasant Grove,9495,
New Brockton Elementary School,83,80,,New Brockton,1437,
Cherokee High School,83,81,,Cherokee,963,
Good Hope High School,83,84,,Cullman,18635,
Hanceville Middle School,83,87,,Hanceville,3215,
Parkside Elementary School,83,89,,Baileyton,660,
Vinemont Middle School,83,89,,Vinemont,,
Flomaton High School,83,90,,Flomaton,1452,
Glencoe Middle School,83,82,,Glencoe,5412,
Fayette County High School,83,87,,Fayette,4185,
Hubbertville School,83,84,,Fayette,4185,
Hibbett School,83,86,,Florence,39933,
Phil Campbell Elementary School,83,85,,Phil Campbell,988,
Red Bay Elementary,83,,,Red Bay,3184,
Geneva High School,83,84,,Geneva,4185,
Geneva Middle School,83,88,,Geneva,4185,
Haleyville Elementary School,83,85,,Haleyville,4351,
Ashford Middle School,83,,,Ashford,2247,
Cottonwood High School,83,86,,Cottonwood,1046,
Blossomwood Elementary School,83,82,,Huntsville,216963,
Section High School,83,86,,Section,763,
West Jefferson Elementary School,83,85,,Quinton,,
Brooks High School,83,88,,Killen,1040,
Cedar Hill Elementary School,83,88,,Ardmore,1370,
Meridianville Middle School,83,90,,Hazel Green,,
New Hope High School,83,82,,New Hope,2891,
Sparkman Ninth Grade School,83,82,,Harvest,,
O'Rourke Elementary School,83,86,,Mobile,184952,
Taylor White Elementary School,83,82,,Mobile,184952,
Cotaco School,83,87,,Somerville,799,
Oxford High School,83,81,,Oxford,22312,
South Girard School,83,84,,Phenix City,38428,
Pickens County High School,83,77,,Reform,1495,
Woodland High School,83,82,,Woodland,222,
Springville High School,83,88,,Springville,4935,
Winterboro High School,83,81,,Alpine,,
Troy Elementary School,83,87,,Troy,17609,
Maxwell Elementary School,83,88,,Duncanville,,
Curry Elementary School,83,84,,Jasper,14354,
Curry Middle School,83,85,,Jasper,14354,
Lupton Junior High School,83,82,,Nauvoo,185,
McIntosh High School,83,74,,McIntosh,201,
Thompson High School,82,89,,Alabaster,33676,
Andalusia High School,82,79,,Andalusia,8715,
Attalla Elementary School,82,88,,Attalla,5839,
Prattville Primary School,82,90,,Prattville,38286,
Loxley Elementary School,82,83,,Loxley,4111,
Robertsdale Elementary School,82,85,,Robertsdale,6916,
Princeton School,82,87,,Birmingham,197575,
Boaz Elementary School,82,88,,Boaz,10161,
White Plains High School,82,80,,Anniston,21157,
Ashland Elementary School,82,84,,Ashland,1969,
New Brockton High School,82,87,,New Brockton,1437,
Colbert Heights Elementary School,82,86,,Tuscumbia,9068,
Hanceville High School,82,82,,Hanceville,3215,
Decatur High School,82,76,,Decatur,57804,
Sylvania School,82,88,,Sylvania,1800,
Valley Head High School,82,81,,Valley Head,582,
Eclectic Middle School,82,86,,Eclectic,1224,
Stanhope Elmore High School,82,83,,Millbrook,17217,
Southside High School,82,87,,Southside,9465,
Berry Elementary School,82,79,,Berry,1204,
Fort Payne Middle School,82,82,,Fort Payne,14834,
Guntersville Middle School,82,85,,Guntersville,8713,
Virgil Grissom High School,82,82,,Huntsville,216963,
Williams Elementary School,82,79,,,,
Bridgeport Middle School,82,81,,Bridgeport,2257,
Bryant School,82,88,,,,
Flat Rock School,82,87,,Flat Rock,,
Kermit Johnson School,82,81,,Pinson,7183,
Oak Grove Elementary School,82,84,,Bessemer,25615,
Waterloo High School,82,83,,Waterloo,184,
East Lawrence Elementary School,82,89,,Trinity,2542,
Clements High School,82,84,,Athens,27027,
Sparkman High School,82,81,,Harvest,,
Sparkman Middle School,82,81,,Toney,,
Hackleburg Elementary School,82,85,,Hackleburg,1430,
Robert D Sloman Primary,82,75,,Horton,,
Dunbar Creative Performing Arts,82,88,,Mobile,184952,
Carver Elementary School,82,84,,,,
Priceville High School,82,90,,Decatur,57804,
Muscle Shoals High School,82,90,,Muscle Shoals,16618,
Opelika High School,82,85,,Opelika,31538,
Opp Middle School,82,75,,Opp,6653,
Harry N Mixon Intermediate School,82,76,,Ozark,14313,
Pike Road Elementary School,82,82,,Pike Rd,,
Handley Middle School,82,76,,Roanoke,5279,
Russellville High School,82,90,,Russellville,10789,
Scottsboro Junior High School,82,86,,Scottsboro,15640,
Meadowview Elementary School,82,88,,,,
Calera Intermediate School,82,80,,Calera,17414,
Moody Middle School,82,90,,Moody,13563,
BB Comer Memorial Elementary School,82,78,,Sylacauga,12373,
Munford Elementary School,82,83,,Munford,1333,
Munford Middle School,82,81,,Munford,1333,
Thomasville Middle School,82,,,777 Gates Dr,,
Brookwood Elementary School,82,76,,Brookwood,2473,
Winfield Middle School,82,83,,Winfield,4829,
Lynn High School,82,85,,Lynn,617,
Meek Elementary School,82,89,,Arley,330,
Thompson Middle School,81,87,,Alabaster,33676,
Prattville Elementary School,81,89,,Prattville,38286,
Prattville Kindergarten School,81,89,,Prattville,38286,
Daphne Middle School,81,88,,Daphne,28777,
JB Pennington High School,81,80,,Blountsville,1827,
Susan Moore High School,81,78,,Blountsville,1827,
Weaver High School,81,78,,Weaver,3401,
Bob Harding-Shawmut Elementary,81,83,,Valley,10513,
Huguley Elementary School,81,84,,Lanett,6773,
Lafayette Lanier Elementary School,81,84,,Valley,10513,
Fleeta School,81,85,,Opp,6653,
Welti Elementary School,81,82,,Cullman,18635,
Austinville Elementary School,81,76,,Decatur,57804,
Geraldine School,81,77,,Geraldine,910,
Henagar Junior High School,81,76,,Henagar,2298,
Gaston High School,81,83,,Gadsden,33769,
Hokes Bluff Middle School,81,71,,Hokes Bluff,4435,
Rainbow Middle School,81,85,,Rainbow City,10154,
Berry High School,81,84,,Berry,1204,
Fayette Middle School,81,83,,Fayette,4185,
Chapman Elementary School,81,69,,,,
Stevenson Elementary School,81,81,,Stevenson,1960,
Stevenson Middle School,81,77,,Stevenson,1960,
Concord Elementary School,81,92,,Bessemer,25615,
Corner Middle School,81,86,,Warrior,3204,
Mortimer Jordan High School,81,89,,Kimberly,3946,
Pinson Elementary School,81,80,,,,
Hatton High School,81,80,,Town Creek,1053,
Smiths Station Junior High School,81,84,,Smiths Station,5381,
Wacoochee Elementary School,81,82,,Salem,,
Piney Chapel Elementary School,81,88,,Athens,27027,
Hazel Green High School,81,85,,Hazel Green,,
Brilliant School,81,81,,,,
Asbury Elementary School,81,71,,Albertville,22522,
Breitling Elementary School,81,79,,Grand Bay,,
Calcedeaver Elementary School,81,86,,Mt Vernon,,
Hollingers Island Elementary School,81,82,,Mobile,184952,
WP Davidson High School,81,82,,Mobile,184952,
Wilson Elementary School,81,78,,,,
Sparkman Elementary School,81,76,,Hartselle,15549,
West Morgan Elementary School,81,85,,Trinity,2542,
Joseph W Lisenby Primary School,81,75,,Ozark,14313,
Duran Junior High School,81,84,,Pell City,13248,
Iola Roberts Elementary School,81,82,,Pell City,13248,
Ridgecrest Elementary School,81,84,,,,
Reform Elementary School,81,87,,Reform,1495,
Pike County Elementary School,81,83,,Brundidge,2070,
Randolph County High School,81,78,,Wedowee,720,
Calera Elementary,81,79,,Calera,17414,
Montevallo Middle School,81,85,,Montevallo,7255,
Ashville Middle School,81,82,,Ashville,2347,
Nichols-Lawson Middle School,81,83,,Sylacauga,12373,
Childersburg Middle School,81,78,,Childersburg,4689,
Talladega County Central High,81,77,,Talladega,15621,
Duncanville Middle School,81,85,,Duncanville,,
Deshler Middle School,81,84,,Tuscumbia,9068,
Addison High School,81,85,,Addison,668,
Marbury Middle School,80,81,,Marbury,,
Elsanor School,80,87,,Robertsdale,6916,
White Plains Middle School,80,94,,Anniston,21157,
Thorsby High School,80,77,,Thorsby,2093,
Lyeffion Junior High School,80,74,,Evergreen,3370,
Luverne High School,80,84,,Luverne,2680,
West Point High School,80,87,,,,
Austin Junior High School,80,86,,Decatur,57804,
Ider School,80,87,,Ider,739,
Heard Elementary School,80,96,,Dothan,71175,
Enterprise High School,80,85,,Enterprise,29395,
Pinedale Elementary School,80,91,,Enterprise,29395,
Fort Payne High School,80,84,,Fort Payne,14834,
Belgreen High School,80,84,,Russellville,10789,
Sansom Middle School,80,82,,Gadsden,33769,
Academy For Science & Foreign Language Middle School,80,,,Huntsville,216963,
Williams Middle School,80,74,,,,
Bragg Middle School,80,83,,Gardendale,16444,
Bryant Park Elementary,80,,,Birmingham,197575,
Clay Elementary School,80,82,,Clay,10311,
Lipscomb Elementary School,80,73,,Bessemer,25615,
McCalla Elementary School,80,86,,Bessemer,25615,
North Jefferson Middle School,80,80,,Kimberly,3946,
West Limestone High School,80,86,,Lester,112,
Douglas High School,80,77,,Douglas,761,
Kate D Smith DAR Elementary School,80,90,,Grant,1040,
J U Blacksher School,80,83,,Uriah,,
Pelham High School,80,88,,Pelham,24688,
Wadley High School,80,80,,Wadley,597,
Scottsboro High School,80,83,,Scottsboro,15640,
Columbiana Middle School,80,84,,Columbiana,4263,
Elvin Hill Elementary School,80,83,,Columbiana,4263,
BB Comer Memorial High School,80,72,,Sylacauga,12373,
Dadeville Elementary School,80,74,,Dadeville,2998,
Englewood Elementary School,80,87,,Tuscaloosa,100618,
Northside Middle School,80,87,,Northport,31009,
Taylorville Primary School,80,87,,Tuscaloosa,100618,
Westwood Elementary School,80,92,,Coker,888,
Leroy High School,80,83,,Leroy,,
Meek High School,80,84,,Arley,330,
Andalusia Junior High,79,87,,Andalusia,8715,
Athens High School,79,87,,Athens,27027,
Foley Elementary School,79,82,,Foley,22063,
Magnolia School,79,80,,Foley,22063,
Robertsdale High School,79,79,,Robertsdale,6916,
Swift Elementary School,79,93,,Bon Secour,,
TR Miller High School,79,86,,Brewton,5261,
Greenville Elementary School,79,71,,Greenville,7263,
Maplesville High School,79,74,,Maplesville,641,
Southern Choctaw High School,79,72,,Gilbertown,727,
Cleburne County Middle School,79,81,,Heflin,3400,
Florala High School,79,83,,Florala,1906,
WS Harlan Elementary School,79,87,,Florala,1906,
Good Hope Elementary School,79,90,,Cullman,18635,
Good Hope Primary School,79,90,,Cullman,18635,
Hanceville Elementary School,79,87,,Hanceville,3215,
Harmony School,79,79,,Logan,,
JE Terry Elementary School,79,87,,Plantersville,,
Austin High School,79,78,,Decatur,57804,
Collinsville High School,79,79,,Collinsville,2029,
Kelly Springs Elementary School,79,82,,Dothan,71175,
Selma Street Elementary School,79,79,,Dothan,71175,
Millbrook Middle School,79,87,,Millbrook,17217,
Coppinville School,79,87,,Enterprise,29395,
West End Elementary School,79,76,,Altoona,951,
Eufaula Elementary School,79,73,,Eufaula,12675,
Eufaula Primary School,79,73,,Eufaula,12675,
Fayette Elementary School,79,76,,Fayette,4185,
East Franklin Junior High School,79,76,,Phil Campbell,988,
Gadsden Middle School,79,82,,Gadsden,33769,
Walnut Park Elementary School,79,76,,Gadsden,33769,
Headland High School,79,87,,Headland,5145,
Academy For Academics & Arts Elementary School,79,79,,Huntsville,216963,
Roger B Chaffee Elementary School,79,86,,Huntsville,216963,
North Jackson High School,79,78,,Stevenson,1960,
Brookville Elementary School,79,79,,Graysville,1915,
Hueytown Intermediate School,79,78,,,,
Shades Valley High School,79,87,,Irondale,13518,
Lamar County High-Intermediate,79,83,,Vernon,1874,
R A Hubbard High School,79,83,,North Courtland,484,
Leeds High School,79,88,,Leeds,12271,
Elkmont High School,79,83,,Elkmont,429,
Hackleburg High School,79,85,,Hackleburg,1430,
McDavid-Jones Elementary School,79,82,,Citronelle,3924,
Danville High School,79,82,,Danville,,
Falkville High School,79,79,,Falkville,1147,
West Morgan Middle School,79,80,,Trinity,2542,
Jeter Primary School,79,88,,Opelika,31538,
Morris Avenue Intermediate School,79,88,,Opelika,31538,
Opelika Middle School,79,81,,Opelika,31538,
Eden Elementary School,79,80,,Pell City,13248,
Russellville Middle School,79,81,,Russellville,10789,
Moody Junior High School,79,87,,Moody,13563,
Sylacauga High School,79,84,,Sylacauga,12373,
Charles R Drew Middle School,79,83,,,,
Dadeville High School,79,84,,Dadeville,2998,
Carbon Hill Elementary-Junior High School,79,82,,Carbon Hill,1727,
Winston County High School,79,72,,Double Springs,1076,
Etowah Middle School,78,82,,Attalla,5839,
Alexandria Middle School,78,80,,Alexandria,,
Saks Middle School,78,76,,Anniston,21157,
Wellborn High School,78,74,,Anniston,21157,
Chickasaw City Elementary School,78,69,,,,
Verbena High School,78,79,,Verbena,,
Southern Choctaw Elementary School,78,70,,Gilbertown,727,
Genesis Innovative School,78,71,,,,
Thurgood Marshall Middle School,78,81,,Evergreen,3370,
Central High School,78,72,,,,
A M Windham Elementary School,78,78,,Daleville,4862,
Woodmeade Elementary School,78,82,,Decatur,57804,
Ruhuma Junior High School,78,73,,Fort Payne,14834,
Demopolis High School,78,81,,Demopolis,7009,
EDGE Virtual School,78,,,,,
Rachel Patterson Elementary School,78,70,,Atmore,8542,
Florence Middle School,78,86,,Florence,39933,
Harlan Elementary School,78,86,,Florence,39933,
Phil Campbell High School,78,74,,Phil Campbell,988,
Guntersville High School,78,89,,Guntersville,8713,
Abbeville High School,78,74,,Abbeville,2379,
Morris Elementary School,78,76,,,,
Jasper High School,78,82,,Jasper,14354,
Jasper Junior High School,78,88,,Jasper,14354,
Corner High School,78,88,,Dora,2290,
Fultondale Elementary School,78,83,,Fultondale,9789,
Hueytown Primary School,78,75,,Hueytown,16531,
Speake,78,69,,Danville,,
Sanford Middle School,78,80,,Opelika,31538,
Kate Duncan Smith DAR Middle,78,85,,Grant,1040,
Baker High School,78,86,,Mobile,184952,
Dixon Elementary School,78,79,,Irvington,,
Dr. Robert W. Gilliard Elementary,78,80,,Mobile,184952,
Lott Middle School,78,75,,Citronelle,3924,
Saint Elmo Elementary School,78,80,,Irvington,,
WD Robbins Elementary School,78,86,,Mobile,184952,
Monroe Intermediate School,78,83,,Alabama 36751,,
Monroeville Elementary School,78,73,,Monroeville,5841,
Halcyon Elementary School,78,86,,Montgomery,198665,
Danville Middle School,78,82,,Danville,,
D A Smith Middle School,78,84,,Ozark,14313,
Duran South,78,85,,Pell City,13248,
Goshen High School,78,82,,Goshen,270,
Wedowee Middle School,78,80,,Wedowee,720,
Woodland Elementary School,78,77,,,,
Handley High School,78,86,,Roanoke,5279,
Russell County Middle School,78,82,,Seale,,
L E Willson Elementary School,78,77,,Sheffield,9337,
WA Threadgill Primary School,78,78,,Sheffield,9337,
Shelby County High School,78,78,,Columbiana,4263,
Moody High School,78,85,,Moody,13563,
Southside Middle School,78,78,,Tallassee,4808,
Buhl Elementary School,78,90,,Buhl,,
Flatwoods Elementary School,78,73,,Northport,31009,
Parrish Elementary/Middle School,78,88,,Parrish,980,
Double Springs Middle School,78,80,,Double Springs,1076,
Albertville Elementary School,77,86,,,,
Albertville Primary School,77,85,,,,
Athens Middle School,77,80,,Athens,27027,
Billingsley High School,77,79,,Billingsley,126,
Florence B Mathis Elementary,77,79,,Foley,22063,
Boaz High School,77,77,,Boaz,10161,
WO Parmer Elementary School,77,71,,Greenville,7263,
Fairfax Elementary School,77,81,,Valley,10513,
W F Burns Middle School,77,78,,Valley,10513,
Clanton Middle School,77,78,,Clanton,8762,
Jemison Intermediate School,77,83,,Jemison,2650,
Colbert County High School,77,76,,Leighton,662,
Evergreen Elementary School,77,69,,Evergreen,3370,
Vinemont High School,77,85,,Vinemont,,
South Dale Middle School,77,87,,Pinckard,587,
Valley Grande Elementary School,77,84,,Valley Grande,4079,
Wetumpka Middle School,77,83,,Wetumpka,7190,
Huxford Elementary School,77,79,,Atmore,8542,
Highland Elementary School,77,84,,,,
Weeden Elementary School,77,86,,Florence,39933,
Samson Elementary School,77,86,,Samson,1860,
Samson Middle School,77,80,,Samson,1860,
Slocomb High School,77,75,,Slocomb,2094,
Hale County Middle School,77,76,,Moundville,3072,
Adamsville Elementary School,77,75,,Adamsville,4294,
Moulton Middle School,77,83,,Moulton,3358,
Loachapoka Elementary School,77,68,,Loachapoka,161,
Tanner High School,77,75,,Athens,27027,
Phillips Elementary School,77,88,,Bear Creek,1043,
Douglas Middle School,77,82,,Douglas,761,
Bernice J Causey Middle School,77,82,,Mobile,184952,
Orchard Elementary School,77,84,,Mobile,184952,
Peter F Alba Middle School,77,79,,Bayou La Batre,2182,
Wilmer Elementary School,77,77,,Wilmer,,
Calera High,77,81,,Calera,17414,
Calera Middle,77,83,,Montevallo,7255,
Vincent Middle High School,77,83,,Vincent,1997,
Munford High School,77,77,,Munford,1333,
Stemley Road Elementary School,77,72,,Talladega,15621,
Thomasville High School,77,77,,Thomasville,3548,
University Place Elementary School,77,79,,,,
Cottondale Elementary School,77,78,,Cottondale,,
Hillcrest High School,77,86,,Tuscaloosa,100618,
Hillcrest Middle School,77,80,,Tuscaloosa,100618,
Tuscaloosa County High School,77,78,,Northport,31009,
Vance Elementary School,77,83,,Vance,2145,
Bay Minette Middle School,76,73,,Bay Minette,7894,
Elberta High School,76,89,,Elberta,2015,
Georgiana School ,76,79,,Georgiana,1315,
Hatton Elementary School,76,78,,,,
Demopolis Middle School,76,71,,Demopolis,7009,
Sardis Middle School,76,80,,Boaz,10161,
Florence Freshman Center,76,85,,Florence,39933,
Tharptown High School,76,70,,Russellville,10789,
Eutaw Primary School,76,85,,Eutaw,2859,
Lee High School,76,72,,,,
Elkmont Elementary School,76,81,,Elkmont,429,
Calhoun High School,76,68,,Letohatchee,,
Notasulga High School,76,76,,Notasulga,916,
Hamilton High School,76,83,,Hamilton,6991,
Brindlee Mountain High School,76,80,,Guntersville,8713,
Citronelle High School,76,71,,Citronelle,3924,
Mary G Montgomery High School,76,83,,Semmes,5209,
Williams Intermediate School,76,80,,Pell City,13248,
Goshen Elementary School,76,71,,Goshen,270,
Russell County High School,76,82,,,,
Ragland High School,76,82,,Ragland,1707,
Childersburg Elementary School,76,83,,Childersburg,4689,
Echols Middle School,76,82,,Northport,31009,
Sipsey Valley Middle School,76,84,,Buhl,,
Sumiton Elementary School,76,80,,Sumiton,2422,
Sumiton Middle School,76,81,,Sumiton,2422,
Albertville Kindergarten and Pre-K,75,85,,Albertville,22522,
Alexander City Middle School,75,81,,Alexander City,14618,
Cobb Preparatory Academy ,75,,,Anniston,21157,
Marbury High School,75,84,,Deatsville,1730,
Prattville High School,75,82,,Prattville,38286,
Summerdale School,75,79,,Summerdale,1543,
Bibb County High School,75,81,,Centreville,2792,
West Blocton Middle School,75,77,,West Blocton,1226,
South Hampton K-8,75,73,,Birmingham,197575,
Greenville Middle School,75,68,,Greenville,7263,
Five Points Elementary School,75,86,,Five Points,118,
John P Powell Middle School,75,68,,La Fayette,2588,
Gaylesville High School,75,80,,Rolesville,,
Leighton Elementary School,75,73,,Leighton,662,
Holly Pond High School,75,80,,Holly Pond,857,
Alabama Virtual Academy at Eufaula City Schools,75,65,,Eufaula,12675,
Eufaula High School,75,75,,Eufaula,12675,
Florence High School,75,84,,,,
Moundville Elementary School,75,87,,Moundville,3072,
Macedonia School,75,85,,Section,763,
Woodville High School,75,88,,Woodville,748,
Hueytown Middle School,75,66,,Hueytown,16531,
Beauregard Elementary School,75,86,,Opelika,31538,
Leeds Elementary School,75,81,,Leeds,12271,
Leeds Primary School,75,81,,,,
Booker T Washington High,75,75,,Tuskegee,8870,
Magic City Acceptance Academy,75,,,Homewood,26054,
Phillips High School,75,80,,Bear Creek,1043,
ER Dickson Elementary School,75,82,,Mobile,184952,
Grant Elementary School,75,79,,Prichard,19097,
Dalraida Elementary School,75,79,,Montgomery,198665,
Flowers Elementary School,75,76,,Montgomery,198665,
Vaughn Road Elementary School,75,74,,Montgomery,198665,
Albert P Brewer High School,75,79,,Somerville,799,
West Forest Intermediate School,75,81,,Opelika,31538,
Opp High School,75,79,,Opp,6653,
Carroll High School,75,76,,,,
Pike County High School,75,79,,Brundidge,2070,
The R.B.Hudson STEAM Academy,75,63,,Selma,17625,
Odenville Middle School,75,85,,Odenville,4999,
Raymond L Young Elementary School,75,78,,Talladega,15621,
Martin L King Jr Elementary School,75,67,,Tuscaloosa,100618,
Skyland Elementary School,75,73,,Tuscaloosa,100618,
Northside High School,75,80,,Northport,31009,
Sipsey Valley High School,75,77,,Buhl,,
Albertville Middle School,74,82,,Albertville,22522,
Baldwin County High School,74,72,,Bay Minette,7894,
Daphne Elementary School,74,96,,Daphne,28777,
West Blocton High School,74,80,,West Blocton,1226,
Charles A Brown Elementary School,74,67,,Birmingham,197575,
Oxmoor K-5,74,73,,Birmingham,197575,
Lafayette High School,74,66,,La Fayette,2588,
Jackson Middle School,74,84,,Jackson,4644,
Dale County High School,74,82,,Midland City,2264,
Banks-Caddell Elementary School,74,81,,Decatur,57804,
Crossville Elementary School,74,77,,Crossville,1810,
W S Neal Middle School,74,85,,East Brewton,2266,
Carlisle Elementary School,74,78,,Boaz,10161,
Glencoe High School,74,90,,Glencoe,5412,
Adams Elementary School,74,76,,Gadsden,33769,
Samson High School,74,82,,Samson,1860,
Greensboro Middle School,74,72,,Greensboro,2195,
Abbeville Elementary School,74,70,,Abbeville,2379,
Gardendale High School,74,82,,Gardendale,16444,
Beulah High School,74,79,,Valley,10513,
Loachapoka High School,74,81,,Auburn,78564,
Tanner Elementary School,74,83,,Athens,27027,
Marion County High School,74,87,,Guin,2172,
Asbury High School,74,78,,Albertville,22522,
Florence Howard Elementary School,74,71,,Mobile,184952,
Nan Gray Davis Elementary School,74,75,,Theodore,,
Olive J Dodge Elementary School,74,70,,Mobile,184952,
Crump Elementary School,74,81,,Montgomery,198665,
Morris Elementary School,74,78,,,,
Pintlala Elementary School,74,71,,Hope Hull,,
Wares Ferry Elementary School,74,77,,Montgomery,198665,
West Morgan High School,74,83,,Trinity,2542,
Carver Primary School,74,81,,Opelika,31538,
Pell City High School,74,81,,Pell City,13248,
Montevallo High School,74,75,,Montevallo,7255,
Saint Clair County High School,74,77,,Odenville,4999,
Pinecrest Elementary School,74,82,,Sylacauga,12373,
Childersburg High School,74,69,,Childersburg,4689,
Lincoln High School,74,78,,Lincoln,7082,
Tallassee High School,74,75,,Tallassee,4808,
Southview Elementary School,74,75,,Tuscaloosa,100618,
The Alberta School of Performing Arts,74,74,,Tuscaloosa,100618,
Brookwood High School,74,80,,Brookwood,2473,
Golden Springs Elementary School,73,78,,Anniston,21157,
Central Baldwin Middle School,73,83,,Loxley,4111,
Avondale Elementary School,73,66,,Birmingham,197575,
Breakthrough Charter School,73,,,Marion,3178,
Clanton Intermediate School,73,89,,Clanton,8762,
Clarke County High School,73,79,,Grove Hill,1757,
Dallas County High School,73,71,,Plantersville,,
Carver 9th Grade Academy,73,,,Dothan,71175,
Dothan High School,73,79,,Dothan,71175,
Fairfield High Preparatory School,73,72,,Fairfield,9832,
Floyd Elementary School,73,73,,,,
Greensboro Elementary School,73,70,,Greensboro,2195,
Hale County High School,73,81,,Moundville,3072,
Ashford High School,73,85,,Ashford,2247,
Huntsville Junior High School,73,75,,Huntsville,216963,
Grantswood Community School,73,76,,Irondale,13518,
McAdory Middle School,73,71,,McCalla,,
East Lawrence High School,73,80,,Trinity,2542,
Beauregard High School,73,76,,Opelika,31538,
Brindlee Mountain Elementary School,73,82,,Arab,8498,
Rutledge School,73,72,,Midfield,5115,
John Will Elementary School,73,71,,Mobile,184952,
Kate Shepard Elementary School,73,78,,Mobile,184952,
Leinkauf Elementary School,73,77,,Mobile,184952,
North Mobile County Middle School,73,77,,Axis,,
Brewbaker Intermediate School,73,67,,Montgomery,198665,
Johnson Elementary School,73,66,,,,
Oliver Elementary School,73,84,,,,
Ashville High School,73,81,,Ashville,2347,
Kinterbish Junior High School,73,73,,Cuba,306,
Indian Valley Elementary School,73,82,,Sylacauga,12373,
Woodland Forrest Elementary School,73,76,,Tuscaloosa,100618,
Matthews Elementary School,73,67,,Northport,31009,
Carbon Hill High School,73,78,,Carbon Hill,1727,
Cordova High School,73,76,,Cordova,1681,
Albertville High School,72,77,,Albertville,22522,
Etowah High School,72,77,,Attalla,5839,
Pine Grove Elementary School,72,73,,Bay Minette,7894,
Centreville Middle School,72,69,,Centreville,2792,
Randolph Elementary School,72,75,,Randolph,,
Norwood Elementary School,72,75,,Birmingham,197575,
Tuggle Elementary School,72,67,,Birmingham,197575,
Valley High School,72,73,,,,
Jemison Elementary School,72,88,,Jemison,2650,
Wilson Hall Middle School,72,74,,Grove Hill,1757,
Cherokee Elementary School,72,77,,,,
Hillcrest High School,72,68,,Tuscaloosa,100618,
Central Elementary School,72,75,,Huntsville,216963,
Pollard-McCall Junior High School,72,88,,Brewton,5261,
Sardis High School,72,80,,Boaz,10161,
Thompson Elementary School,72,79,,Gadsden,33769,
McDonnell Elementary School,72,72,,Huntsville,216963,
Fultondale High School,72,76,,Fultondale,9789,
McAdory High School,72,80,,McCalla,12965,
East Lawrence Middle School,72,76,,Trinity,2542,
Smith Station Freshman Center,72,80,,Smiths Station,5381,
Smiths Station High School,72,79,,Smiths Station,5381,
Leeds Middle School,72,83,,Leeds,12271,
Alabama Connections Academy,72,69,,Athens,27027,
Fort Deposit Elementary School,72,67,,Fort Deposit,1194,
Jackson-Steele Elementary School,72,79,,Hayneville,778,
Brindlee Mountain Primary School,72,82,,Guntersville,8713,
Grand Bay Middle School,72,78,,Grand Bay,,
Holloway Elementary,72,68,,Mobile,184952,
Theodore High School,72,73,,Theodore,,
WC Griggs Elementary School,72,84,,Mobile,184952,
Catoma Elementary School,72,78,,Montgomery,198665,
Laceys Spring Elementary School,72,85,,Laceys Spring,,
Central Freshman Academy,72,85,,Phenix City,38428,
Aliceville Elementary School,72,74,,Aliceville,2123,
Aliceville High School,72,75,,Aliceville,2123,
Sheffield Junior High School,72,85,,Sheffield,9337,
Graham Elementary School,72,68,,Talladega,15621,
Zora Ellis Junior High School,72,65,,Talladega,15621,
Arcadia Elementary School,72,77,,Tuscaloosa,100618,
Eastwood Middle School,72,77,,Cottondale,,
Paul W Bryant High School,72,75,,Cottondale,,
Crestmont Elementary School,72,83,,Northport,31009,
Deshler High School,72,80,,Tuscumbia,9068,
F S Ervin Elementary School,72,67,,Pine Hill,756,
Albertville Intermediate School,71,82,,,,
Foley High School,71,72,,Foley,22063,
Robinson Elementary School,71,69,,Birmingham,197575,
Washington K8,71,68,,Birmingham,197575,
Wellborn Elementary School,71,79,,Anniston,21157,
Jackson Intermediate School,71,79,,Jackson,4644,
Red Level School,71,86,,Red Level,431,
Elba Elementary School,71,80,,Elba,3401,
West End High School,71,78,,Walnut Grove,773,
Moorer Middle School,71,70,,Eufaula,12675,
Litchfield Middle School,71,76,,Gadsden,33769,
Columbia High School,71,75,,Huntsville,216963,
Jemison High School,71,69,,Jemison,2650,
i3 Academy Phase 2,71,,,Birmingham,197575,
Irondale Community School,71,77,,Irondale,13518,
Minor Middle School,71,65,,Adamsville,4294,
Pinson Valley High School,71,79,,Pinson,7183,
Pleasant Grove High School,71,76,,Pleasant Grove,9495,
Legacy Prep,71,,,Birmingham,197575,
Tuskegee Public Elementary,71,73,,Tuskegee,8870,
Burns Middle School,71,70,,Mobile,184952,
Erwin Craighead Elementary School,71,71,,Mobile,184952,
Indian Springs Elementary School,71,70,,Prichard,19097,
Mary W Burroughs Elementary School,71,76,,Theodore,,
Morningside Elementary School,71,69,,Mobile,184952,
Whitley Elementary School,71,73,,Prichard,19097,
Garrett Elementary School,71,76,,Montgomery,198665,
McKee Middle School,71,68,,Montgomery,198665,
Francis Marion School,71,78,,Marion,3178,
Central High School,71,85,,,,
Phenix City Elementary School,71,75,,Phenix City,38428,
Wedowee Elementary School,71,76,,Wedowee,720,
Oakman Middle School,71,76,,Oakman,762,
Camden School Of Arts & Technology,71,59,,Camden,1832,
Benjamin Russell High School,70,83,,Alexander City,14618,
Randolph Park Elementary School,70,81,,Anniston,21157,
Huffman Academy,70,61,,Birmingham,197575,
Cherokee County High School,70,78,,Centre,3528,
Chickasaw City High School,70,65,,,,
Chilton County High School,70,77,,Clanton,8762,
Choctaw County Elementary,70,72,,Butler,1870,
Central Jr High School of Clay County,70,77,,Lineville,2474,
Chestnut Grove Elementary School,70,86,,Decatur,57804,
Crossville High School,70,73,,,,
W S Neal Elementary School,70,79,,East Brewton,2266,
Donald Elementary School,70,76,,Fairfield,9832,
Gadsden City High School,70,75,,Gadsden,33769,
Martin Luther King Jr Elementary School,70,58,,,,
Montview Elementary School,70,77,,Huntsville,216963,
Providence Elementary,70,72,,Huntsville,216963,
Ridgecrest Elementary School,70,72,,,,
Clay-Chalkville Middle School,70,62,,Trussville,26388,
Erwin Middle School,70,68,,Center Point,16137,
Rudd Middle School,70,65,,Pinson,7183,
Lawrence County High School,70,75,,Moulton,3358,
Linden Elementary School,70,73,,Linden,1887,
Hayneville Middle School,70,74,,Hayneville,778,
George Washington Carver Elementary School,70,73,,Tuskegee,8870,
Murphy High School,70,76,,Mobile,184952,
Spencer-Westlawn Elementary School,70,85,,Mobile,184952,
Brewbaker Primary School,70,66,,Montgomery,198665,
Carver Senior High School,70,68,,Montgomery,198665,
SCC Virtual Preparatory Academy,70,,,,,
Oakman High School,70,75,,Oakman,762,
Anniston Middle School,69,73,,Anniston,21157,
Abrams Elementary School,69,60,,Bessemer,25615,
Brent Elementary School,69,69,,Brent,2977,
George Washington Carver High School,69,68,,Birmingham,197575,
Sun Valley Elementary School,69,67,,Birmingham,197575,
Jemison Middle School,69,72,,Jemison,2650,
Choctaw County High School,69,67,,Butler,1870,
Joe M Gillmore Elementary School,69,79,,Jackson,4644,
Daleville High School,69,77,,Daleville,4862,
Decatur Middle School,69,81,,Decatur,57804,
Oak Park Elementary School,69,79,,Decatur,57804,
West Decatur Elementary School,69,76,,Decatur,57804,
Donehoo Elementary School,69,87,,Gadsden,33769,
Clay-Chalkville High School,69,78,,Pinson,7183,
W. O. Lance Elementary,69,65,,Lanett,6773,
Central High School,69,67,,,,
Lowndes County Middle School,69,68,,Fort Deposit,1194,
Alma Bryant High School,69,77,,Irvington,,
Ben C Rain High School,69,74,,Mobile,184952,
Forest Hill Elementary School,69,69,,Mobile,184952,
Meadowlake Elementary,69,81,,Mobile,184952,
Monroe County High School,69,70,,Monroeville,5841,
Southlawn Elementary School,69,72,,Montgomery,198665,
School Of Discovery Genesis Center,69,77,,Selma,17625,
Charles Henderson Middle,69,79,,Troy,17609,
Central High School,69,74,,,,
Oakdale Elementary School,69,78,,Tuscaloosa,100618,
Collins-Riverside Middle School,69,68,,Northport,31009,
Dora High School,69,77,,Dora,2290,
Greenwood Elementary School,68,74,,,,
Huffman Middle School,68,65,,Center Point,16137,
West End Academy,68,59,,Birmingham,197575,
Bullock County High School,68,70,,Union Springs,3314,
Union Springs Elementary School,68,73,,Union Springs,3314,
Alabama Destinations Career Academy,68,,,Mobile,184952,
Jemison High School,68,73,,Jemison,2650,
Jackson High School,68,79,,Jackson,4644,
Austin Middle School,68,82,,Decatur,57804,
Elba High School,68,81,,Elba,3401,
Hokes Bluff High School,68,85,,370 (20202021),,
Robinson Elementary School,68,72,,Birmingham,197575,
W. E. Striplin Elementary School,68,72,,Gadsden,33769,
Whitesburg Middle School,68,75,,Huntsville,216963,
Brighton School,68,71,,Bessemer,25615,
Irondale Middle School,68,67,,Birmingham,197575,
Jefferson County Virtual School ,68,,,,,
Minor High School,68,73,,Adamsville,4294,
CF Vigor High School,68,72,,Mobile,184952,
Collins-Rhodes Elementary School,68,78,,Eight Mile,,
Mattie T Blount High School,68,74,,Prichard,19097,
Carr Middle School,68,69,,Montgomery,198665,
Park Crossing High School,68,77,,Montgomery,198665,
Robert C Hatch High School,68,83,,Uniontown,2037,
Phenix City Intermediate School,68,80,,Phenix City,38428,
Selma High School,68,68,,Selma,17625,
Charles Henderson High School,68,73,,Troy,17609,
J E Hobbs Elementary School,68,69,,Camden,1832,
Acceleration Day and Evening Academy,67,59,,Mobile,184952,
Charles F Hard Elementary School,67,71,,Bessemer,25615,
Glen Iris Elementary School,67,70,,Birmingham,197575,
Martha Gaskins K-5,67,79,,Birmingham,197575,
Minor Elementary School,67,69,,Birmingham,197575,
Wilkerson Middle School,67,75,,Birmingham,197575,
Lafayette Eastside Elementary School,67,72,,La Fayette,2588,
Daleville Middle School,67,,,Daleville,4862,
William R Martin Middle School,67,80,,Valley Grande,4079,
Dothan Preparatory Academy,67,,,Dothan,71175,
W S Neal High School,67,81,,East Brewton,2266,
Tharptown Elementary School,67,82,,Russellville,10789,
Chalkville Elementary School,67,80,,Center Point,16137,
Minor Community School,67,79,,Birmingham,197575,
U.W. Clemon Elementary School,67,74,,Adamsville,4294,
Lanett Senior High School,67,73,,Lanett,6773,
Calloway Smith Middle School,67,71,,Mobile,184952,
CL Scarborough Model Middle School,67,74,,Mobile,184952,
Elizabeth Fonde Elementary School,67,70,,Mobile,184952,
Katherine H Hankins Middle School,67,75,,Theodore,,
Lanier Senior High School,67,70,,Montgomery,198665,
Meadowlane Elementary School,67,83,,Phenix City,38428,
Clark Elementary School,67,73,,Selma,17625,
Sheffield High School,67,82,,Sheffield,9337,
Brookwood Middle School,67,77,,Vance,2145,
Wilcox Central High School,67,71,,Camden,1832,
Anniston High School,66,67,,Anniston,21157,
Barbour County Primary School,66,57,,Clayton,2273,
Ossie Ware Mitchell Middle School,66,67,,Birmingham,197575,
Crossville Middle School,66,69,,Crossville,1810,
Hidden Lake Primary School,66,89,,Dothan,71175,
Duck Springs Elementary School,66,80,,Attalla,5839,
Lakewood Elementary School,66,71,,Phenix City,38428,
Pleasant Grove Elementary School,66,76,,Pleasant Grove,9495,
Hazlewood Elementary School,66,76,,Town Creek,1053,
Tuskegee Institute Middle School,66,77,,Tuskegee,8870,
Marengo High School,66,75,,Dixons Mills,,
John L Leflore Magnet School,66,68,,Mobile,184952,
Mobile County Training Middle School,66,71,,Mobile,184952,
Semmes Middle School,66,73,,Semmes,5209,
Highland Gardens Elementary School,66,63,,Montgomery,198665,
King Elementary,66,69,,,,
Edgewood Elementary School,66,70,,Birmingham,197575,
Holt Elementary School,66,67,,Tuscaloosa,100618,
Curry High School,66,78,,Jasper,14354,
Foley Middle School,65,81,,Foley,22063,
Barrett Elementary School,65,73,,Birmingham,197575,
Huffman High School-Magnet,65,66,,Birmingham,197575,
Inglenook School,65,73,,,,
Chickasaw Middle School,65,58,,Chickasaw,6395,
Central High School of Clay County,65,76,,Lineville,2474,
Beverlye Intermediate School,65,88,,Dothan,71175,
Highlands Elementary School,65,70,,,,
Morris Middle School,65,,,Huntsville,216963,
i3 Academy Phase 1 (formerly i3 Academy),65,,,Birmingham,197575,
Center Point Elementary School,65,63,,Center Point,16137,
Erwin Intermediate School,65,65,,Center Point,16137,
George P Austin Junior High School,65,70,,Linden,1887,
Chastang-Fournier Middle School,65,60,,Mobile,184952,
Maryvale Elementary School,65,67,,Mobile,184952,
Westview Elementary School,65,85,,Phenix City,38428,
Sophia P Kingston Elementary School,65,71,,Selma,17625,
Evelyn D Houston Elementary School,65,70,,Talladega,15621,
Bush Hills STEAM Academy,64,62,,Birmingham,197575,
Wylam Elementary School,64,73,,Birmingham,197575,
South Highlands Middle School,64,63,,Union Springs,3314,
Keith Middle-High School,64,69,,Orrville,145,
Morris Slingluff Elementary School,64,77,,Dothan,71175,
Glen Oaks Elementary School,64,71,,Fairfield,9832,
Vina High School,64,82,,Vina,325,
Robert Brown Middle School,64,61,,Eutaw,2859,
Hueytown High School,64,74,,Hueytown,16531,
Lillie B Williamson High School,64,62,,Mobile,184952,
J F Shields High School,64,80,,Beatrice,203,
Davis-Emerson Middle School,64,72,,Cottondale,,
Richard Arrington Elementary,63,,,Birmingham,197575,
Saks Elementary School,63,84,,Anniston,21157,
Repton Junior High School,63,67,,Repton,234,
Greensboro High School,63,70,,Greensboro,2195,
Rolling Hills Elementary School,63,65,,Huntsville,216963,
Lanett Junior High School,63,79,,Lanett,6773,
DC Wolfe School,63,65,,Shorter,380,
Midfield Elementary School,63,64,,Midfield,5115,
Fitzpatrick Elementary School,63,74,,Montgomery,198665,
Talladega High School,63,69,,Talladega,15621,
Central Elementary School,63,67,,Huntsville,216963,
ABC Elementary,63,67,,Alberta,,
James L Cowart Elementary School,62,90,,Athens,27027,
Green Acres Middle School,62,57,,Birmingham,197575,
Hudson K-Eight School,62,69,,Birmingham,197575,
Parker High School,62,69,,Birmingham,197575,
Brantley Elementary School,62,63,,Selma,17625,
Salem Elementary School,62,77,,Orrville,145,
Escambia County High School,62,74,,Atmore,8542,
Westlawn Middle School,62,65,,Tuscaloosa,100618,
Barbour County Intermediate School,61,59,,Louisville,391,
Bessemer City Middle School,61,67,,Bessemer,25615,
Jonesboro Elementary School,61,62,,Bessemer,25615,
Wenonah High School,61,67,,Birmingham,197575,
Tipton Durant Middle School,61,57,,Selma,17625,
Greene County High School,61,68,,Eutaw,2859,
James Dawson Elementary,61,74,,Huntsville,216963,
Linden High School,61,74,,Linden,1887,
Monroeville Middle School,61,70,,Monroeville,5841,
C L Salter Elementary School,61,74,,Talladega,15621,
Holt High School,61,68,,Tuscaloosa,100618,
McIntosh Elementary School,61,76,,McIntosh,201,
Autaugaville School,60,75,,Autaugaville,792,
Westhills Elementary School,60,77,,Bessemer,25615,
Hayes K-8,60,55,,Birmingham,197575,
Greenville High School,60,68,,Greenville,7263,
Central Elementary School,60,74,,Huntsville,216963,
Amelia L. Johnson High School,60,69,,Thomaston,325,
George Hall Elementary School,60,71,,Mobile,184952,
Capitol Heights Middle School,60,57,,Montgomery,198665,
Dozier Elementary School,60,59,,Montgomery,198665,
Highland Avenue Elementary School,60,78,,Montgomery,198665,
Jefferson Davis High School,60,61,,Montgomery,198665,
Payne Elementary School,60,83,,Selma,17625,
Livingston Junior High School,60,64,,Livingston,3153,
Sumter Central High School,60,70,,York,2415,
Central Park Elementary School,59,66,,Birmingham,197575,
WE Putnam Middle School-Magnet,59,64,,Birmingham,197575,
Ronald McNair 7-8,59,63,,Huntsville,216963,
Center Point High School,59,66,,Center Point,16137,
Goodwyn Middle School,59,60,,Montgomery,198665,
Morningview Elementary School,59,63,,Montgomery,198665,
Tarrant High School,59,65,,Birmingham,197575,
Jones Valley Middle School,58,57,,Birmingham,197575,
Woodlawn High School-Magnet,58,59,,Birmingham,197575,
Dothan City Virtual School,58,,,,,
Sonnie Hereford Elementary School,58,60,,Huntsville,216963,
LEAD Academy Building B,58,,,,,
Brewbaker Middle School,58,61,,Montgomery,198665,
Dannelly Elementary School,58,63,,Montgomery,198665,
Hemphill Elementary School,57,63,,Birmingham,197575,
Houston County Virtual Academy,57,,,,,
Midfield High School,57,62,,Birmingham,197575,
Booker T Washington Middle School,57,73,,Mobile,184952,
Davis Elementary School,57,57,,Montgomery,198665,
Lee High School,57,59,,,,
Tarrant Intermediate School,57,63,,Birmingham,197575,
Barbour County High School,56,58,,Clayton,2273,
Jackson-Olin High School,56,61,,Birmingham,197575,
Smith Middle School,56,63,,Birmingham,197575,
Girard Primary School,56,61,,Dothan,71175,
Escambia County Middle School,56,76,,Atmore,8542,
Southlawn Middle School,56,56,,Montgomery,198665,
Saints Virtual Academy,56,,,,,
York West End Junior High School,56,72,,York,2415,
Tarrant Elementary School,56,63,,Birmingham,197575,
Southside High School,55,65,,Southside,9465,
Bessemer City High School,54,57,,Bessemer,25615,
Inspire Virtual Academy,54,,,La Fayette,2588,
Faine Elementary School,54,58,,Dothan,71175,
Girard Intermediate School,54,68,,Dothan,71175,
Pillans Middle School,54,67,,Mobile,184952,
Dunbar-Ramer School,54,67,,Ramer,,
Bruce K Craig Elementary School,53,75,,Selma,17625,
Chisholm Elementary School,53,61,,Montgomery,198665,
Southside Primary School,52,72,,Selma,17625,
Chapman Middle School,51,,,Huntsville,216963,
LEAD Academy Building A (formerly LEAD Academy),51,,,Montgomery,198665,
The Pathway,51,,,Mobile,184952,
Bellingrath Middle School,51,57,,Montgomery,198665,
Nixon Elementary School,50,64,,Montgomery,198665,